class,picNum,picType
0,W (0),Wenche
0,W (1),Wenche
0,W (10),Wenche
0,W (100),Wenche
0,W (101),Wenche
0,W (102),Wenche
0,W (103),Wenche
0,W (104),Wenche
0,W (105),Wenche
0,W (106),Wenche
0,W (107),Wenche
0,W (108),Wenche
0,W (109),Wenche
0,W (11),Wenche
0,W (110),Wenche
0,W (111),Wenche
0,W (112),Wenche
0,W (113),Wenche
0,W (114),Wenche
0,W (115),Wenche
0,W (116),Wenche
0,W (117),Wenche
0,W (118),Wenche
0,W (119),Wenche
0,W (12),Wenche
0,W (120),Wenche
0,W (121),Wenche
0,W (122),Wenche
0,W (123),Wenche
0,W (124),Wenche
0,W (125),Wenche
0,W (126),Wenche
0,W (127),Wenche
0,W (128),Wenche
0,W (129),Wenche
0,W (13),Wenche
0,W (130),Wenche
0,W (131),Wenche
0,W (132),Wenche
0,W (133),Wenche
0,W (134),Wenche
0,W (135),Wenche
0,W (136),Wenche
0,W (137),Wenche
0,W (138),Wenche
0,W (139),Wenche
0,W (14),Wenche
0,W (140),Wenche
0,W (141),Wenche
0,W (142),Wenche
0,W (143),Wenche
0,W (144),Wenche
0,W (145),Wenche
0,W (146),Wenche
0,W (147),Wenche
0,W (148),Wenche
0,W (149),Wenche
0,W (15),Wenche
0,W (150),Wenche
0,W (151),Wenche
0,W (152),Wenche
0,W (153),Wenche
0,W (154),Wenche
0,W (155),Wenche
0,W (156),Wenche
0,W (157),Wenche
0,W (158),Wenche
0,W (159),Wenche
0,W (16),Wenche
0,W (160),Wenche
0,W (161),Wenche
0,W (162),Wenche
0,W (163),Wenche
0,W (164),Wenche
0,W (165),Wenche
0,W (166),Wenche
0,W (167),Wenche
0,W (168),Wenche
0,W (169),Wenche
0,W (17),Wenche
0,W (170),Wenche
0,W (171),Wenche
0,W (172),Wenche
0,W (173),Wenche
0,W (174),Wenche
0,W (175),Wenche
0,W (176),Wenche
0,W (177),Wenche
0,W (178),Wenche
0,W (179),Wenche
0,W (18),Wenche
0,W (180),Wenche
0,W (181),Wenche
0,W (182),Wenche
0,W (183),Wenche
0,W (184),Wenche
0,W (185),Wenche
0,W (186),Wenche
0,W (187),Wenche
0,W (188),Wenche
0,W (189),Wenche
0,W (19),Wenche
0,W (190),Wenche
0,W (191),Wenche
0,W (192),Wenche
0,W (193),Wenche
0,W (194),Wenche
0,W (195),Wenche
0,W (196),Wenche
0,W (197),Wenche
0,W (198),Wenche
0,W (199),Wenche
0,W (2),Wenche
0,W (20),Wenche
0,W (200),Wenche
0,W (201),Wenche
0,W (202),Wenche
0,W (203),Wenche
0,W (204),Wenche
0,W (205),Wenche
0,W (206),Wenche
0,W (207),Wenche
0,W (208),Wenche
0,W (209),Wenche
0,W (21),Wenche
0,W (210),Wenche
0,W (211),Wenche
0,W (212),Wenche
0,W (213),Wenche
0,W (214),Wenche
0,W (215),Wenche
0,W (216),Wenche
0,W (217),Wenche
0,W (218),Wenche
0,W (219),Wenche
0,W (22),Wenche
0,W (220),Wenche
0,W (221),Wenche
0,W (222),Wenche
0,W (223),Wenche
0,W (224),Wenche
0,W (225),Wenche
0,W (226),Wenche
0,W (227),Wenche
0,W (228),Wenche
0,W (229),Wenche
0,W (23),Wenche
0,W (230),Wenche
0,W (231),Wenche
0,W (232),Wenche
0,W (233),Wenche
0,W (234),Wenche
0,W (235),Wenche
0,W (236),Wenche
0,W (237),Wenche
0,W (238),Wenche
0,W (239),Wenche
0,W (24),Wenche
0,W (240),Wenche
0,W (241),Wenche
0,W (242),Wenche
0,W (243),Wenche
0,W (244),Wenche
0,W (245),Wenche
0,W (246),Wenche
0,W (247),Wenche
0,W (248),Wenche
0,W (249),Wenche
0,W (25),Wenche
0,W (250),Wenche
0,W (251),Wenche
0,W (252),Wenche
0,W (253),Wenche
0,W (254),Wenche
0,W (255),Wenche
0,W (256),Wenche
0,W (257),Wenche
0,W (258),Wenche
0,W (259),Wenche
0,W (26),Wenche
0,W (260),Wenche
0,W (261),Wenche
0,W (262),Wenche
0,W (263),Wenche
0,W (264),Wenche
0,W (265),Wenche
0,W (266),Wenche
0,W (267),Wenche
0,W (268),Wenche
0,W (269),Wenche
0,W (27),Wenche
0,W (270),Wenche
0,W (271),Wenche
0,W (272),Wenche
0,W (273),Wenche
0,W (274),Wenche
0,W (275),Wenche
0,W (276),Wenche
0,W (277),Wenche
0,W (278),Wenche
0,W (279),Wenche
0,W (28),Wenche
0,W (280),Wenche
0,W (281),Wenche
0,W (282),Wenche
0,W (283),Wenche
0,W (284),Wenche
0,W (285),Wenche
0,W (286),Wenche
0,W (287),Wenche
0,W (288),Wenche
0,W (289),Wenche
0,W (29),Wenche
0,W (290),Wenche
0,W (291),Wenche
0,W (292),Wenche
0,W (293),Wenche
0,W (294),Wenche
0,W (295),Wenche
0,W (296),Wenche
0,W (297),Wenche
0,W (298),Wenche
0,W (299),Wenche
0,W (3),Wenche
0,W (30),Wenche
0,W (300),Wenche
0,W (301),Wenche
0,W (302),Wenche
0,W (303),Wenche
0,W (304),Wenche
0,W (305),Wenche
0,W (306),Wenche
0,W (307),Wenche
0,W (308),Wenche
0,W (309),Wenche
0,W (31),Wenche
0,W (310),Wenche
0,W (311),Wenche
0,W (312),Wenche
0,W (313),Wenche
0,W (314),Wenche
0,W (315),Wenche
0,W (316),Wenche
0,W (317),Wenche
0,W (318),Wenche
0,W (319),Wenche
0,W (32),Wenche
0,W (320),Wenche
0,W (321),Wenche
0,W (322),Wenche
0,W (323),Wenche
0,W (324),Wenche
0,W (325),Wenche
0,W (326),Wenche
0,W (327),Wenche
0,W (328),Wenche
0,W (329),Wenche
0,W (33),Wenche
0,W (330),Wenche
0,W (331),Wenche
0,W (332),Wenche
0,W (333),Wenche
0,W (334),Wenche
0,W (335),Wenche
0,W (336),Wenche
0,W (337),Wenche
0,W (338),Wenche
0,W (339),Wenche
0,W (34),Wenche
0,W (340),Wenche
0,W (341),Wenche
0,W (342),Wenche
0,W (343),Wenche
0,W (344),Wenche
0,W (345),Wenche
0,W (346),Wenche
0,W (347),Wenche
0,W (348),Wenche
0,W (349),Wenche
0,W (35),Wenche
0,W (350),Wenche
0,W (351),Wenche
0,W (352),Wenche
0,W (353),Wenche
0,W (354),Wenche
0,W (355),Wenche
0,W (356),Wenche
0,W (357),Wenche
0,W (358),Wenche
0,W (359),Wenche
0,W (36),Wenche
0,W (360),Wenche
0,W (361),Wenche
0,W (362),Wenche
0,W (363),Wenche
0,W (364),Wenche
0,W (365),Wenche
0,W (366),Wenche
0,W (367),Wenche
0,W (368),Wenche
0,W (369),Wenche
0,W (37),Wenche
0,W (370),Wenche
0,W (371),Wenche
0,W (372),Wenche
0,W (373),Wenche
0,W (374),Wenche
0,W (375),Wenche
0,W (376),Wenche
0,W (377),Wenche
0,W (378),Wenche
0,W (379),Wenche
0,W (38),Wenche
0,W (380),Wenche
0,W (381),Wenche
0,W (382),Wenche
0,W (383),Wenche
0,W (384),Wenche
0,W (385),Wenche
0,W (386),Wenche
0,W (387),Wenche
0,W (388),Wenche
0,W (389),Wenche
0,W (39),Wenche
0,W (390),Wenche
0,W (391),Wenche
0,W (392),Wenche
0,W (393),Wenche
0,W (394),Wenche
0,W (395),Wenche
0,W (396),Wenche
0,W (397),Wenche
0,W (398),Wenche
0,W (399),Wenche
0,W (4),Wenche
0,W (40),Wenche
0,W (400),Wenche
0,W (401),Wenche
0,W (402),Wenche
0,W (403),Wenche
0,W (404),Wenche
0,W (405),Wenche
0,W (406),Wenche
0,W (407),Wenche
0,W (408),Wenche
0,W (409),Wenche
0,W (41),Wenche
0,W (410),Wenche
0,W (411),Wenche
0,W (412),Wenche
0,W (413),Wenche
0,W (414),Wenche
0,W (415),Wenche
0,W (416),Wenche
0,W (417),Wenche
0,W (418),Wenche
0,W (419),Wenche
0,W (42),Wenche
0,W (420),Wenche
0,W (421),Wenche
0,W (422),Wenche
0,W (423),Wenche
0,W (424),Wenche
0,W (425),Wenche
0,W (426),Wenche
0,W (427),Wenche
0,W (428),Wenche
0,W (429),Wenche
0,W (43),Wenche
0,W (430),Wenche
0,W (431),Wenche
0,W (432),Wenche
0,W (433),Wenche
0,W (434),Wenche
0,W (435),Wenche
0,W (436),Wenche
0,W (437),Wenche
0,W (438),Wenche
0,W (439),Wenche
0,W (44),Wenche
0,W (440),Wenche
0,W (441),Wenche
0,W (442),Wenche
0,W (443),Wenche
0,W (444),Wenche
0,W (445),Wenche
0,W (446),Wenche
0,W (447),Wenche
0,W (448),Wenche
0,W (449),Wenche
0,W (45),Wenche
0,W (450),Wenche
0,W (451),Wenche
0,W (452),Wenche
0,W (453),Wenche
0,W (454),Wenche
0,W (455),Wenche
0,W (456),Wenche
0,W (46),Wenche
0,W (47),Wenche
0,W (48),Wenche
0,W (49),Wenche
0,W (5),Wenche
0,W (50),Wenche
0,W (51),Wenche
0,W (52),Wenche
0,W (53),Wenche
0,W (54),Wenche
0,W (55),Wenche
0,W (56),Wenche
0,W (57),Wenche
0,W (58),Wenche
0,W (59),Wenche
0,W (6),Wenche
0,W (60),Wenche
0,W (61),Wenche
0,W (62),Wenche
0,W (63),Wenche
0,W (64),Wenche
0,W (65),Wenche
0,W (66),Wenche
0,W (67),Wenche
0,W (68),Wenche
0,W (69),Wenche
0,W (7),Wenche
0,W (70),Wenche
0,W (71),Wenche
0,W (72),Wenche
0,W (73),Wenche
0,W (74),Wenche
0,W (75),Wenche
0,W (76),Wenche
0,W (77),Wenche
0,W (78),Wenche
0,W (79),Wenche
0,W (8),Wenche
0,W (80),Wenche
0,W (81),Wenche
0,W (82),Wenche
0,W (83),Wenche
0,W (84),Wenche
0,W (85),Wenche
0,W (86),Wenche
0,W (87),Wenche
0,W (88),Wenche
0,W (89),Wenche
0,W (9),Wenche
0,W (90),Wenche
0,W (91),Wenche
0,W (92),Wenche
0,W (93),Wenche
0,W (94),Wenche
0,W (95),Wenche
0,W (96),Wenche
0,W (97),Wenche
0,W (98),Wenche
0,W (99),Wenche
1,G (0),Gabbi
1,G (1),Gabbi
1,G (10),Gabbi
1,G (100),Gabbi
1,G (101),Gabbi
1,G (12),Gabbi
1,G (13),Gabbi
1,G (14),Gabbi
1,G (15),Gabbi
1,G (16),Gabbi
1,G (17),Gabbi
1,G (18),Gabbi
1,G (19),Gabbi
1,G (2),Gabbi
1,G (20),Gabbi
1,G (21),Gabbi
1,G (22),Gabbi
1,G (23),Gabbi
1,G (24),Gabbi
1,G (25),Gabbi
1,G (26),Gabbi
1,G (27),Gabbi
1,G (28),Gabbi
1,G (29),Gabbi
1,G (3),Gabbi
1,G (30),Gabbi
1,G (31),Gabbi
1,G (32),Gabbi
1,G (33),Gabbi
1,G (34),Gabbi
1,G (35),Gabbi
1,G (36),Gabbi
1,G (37),Gabbi
1,G (38),Gabbi
1,G (39),Gabbi
1,G (4),Gabbi
1,G (40),Gabbi
1,G (41),Gabbi
1,G (42),Gabbi
1,G (43),Gabbi
1,G (44),Gabbi
1,G (45),Gabbi
1,G (46),Gabbi
1,G (47),Gabbi
1,G (48),Gabbi
1,G (49),Gabbi
1,G (5),Gabbi
1,G (50),Gabbi
1,G (51),Gabbi
1,G (52),Gabbi
1,G (53),Gabbi
1,G (54),Gabbi
1,G (55),Gabbi
1,G (56),Gabbi
1,G (57),Gabbi
1,G (58),Gabbi
1,G (59),Gabbi
1,G (6),Gabbi
1,G (60),Gabbi
1,G (61),Gabbi
1,G (62),Gabbi
1,G (63),Gabbi
1,G (64),Gabbi
1,G (65),Gabbi
1,G (66),Gabbi
1,G (67),Gabbi
1,G (68),Gabbi
1,G (69),Gabbi
1,G (7),Gabbi
1,G (70),Gabbi
1,G (71),Gabbi
1,G (72),Gabbi
1,G (73),Gabbi
1,G (74),Gabbi
1,G (75),Gabbi
1,G (76),Gabbi
1,G (77),Gabbi
1,G (78),Gabbi
1,G (79),Gabbi
1,G (8),Gabbi
1,G (80),Gabbi
1,G (81),Gabbi
1,G (82),Gabbi
1,G (83),Gabbi
1,G (84),Gabbi
1,G (85),Gabbi
1,G (86),Gabbi
1,G (87),Gabbi
1,G (88),Gabbi
1,G (89),Gabbi
1,G (9),Gabbi
1,G (90),Gabbi
1,G (91),Gabbi
1,G (92),Gabbi
1,G (93),Gabbi
1,G (94),Gabbi
1,G (95),Gabbi
1,G (96),Gabbi
1,G (97),Gabbi
1,G (98),Gabbi
1,G (99),Gabbi
